Prospect,Domain,URL,Contact Method,Outreach Angle,Priority,Estimated DA
Reddit r/PokemonTCG,reddit.com,https://reddit.com/r/PokemonTCG,Community post,"Share 2025 grading guide with updated pricing and gem rates - valuable resource for community",High,95
Reddit r/pkmntcgcollections,reddit.com,https://reddit.com/r/pkmntcgcollections,Community post,"Ultimate 2025 grading guide comparing PSA/CGC/BGS with current data",High,95
Pok√©Beach Forums,pokebeach.com,https://www.pokebeach.com/forums/,Forum post,"Post comprehensive guide in grading section - valuable 2025 resource",High,72
Elite Fourum Grading Section,elitefourum.com,https://www.elitefourum.com/c/grading/,Forum post,"Share updated 2025 comparison - many threads discuss PSA vs CGC",High,65
PokeGym Grading Forum,pokegym.net,https://www.pokegym.net/community/,Forum post,"Contribute 2025 guide to grading discussions",Medium,58
Blowout Cards Forums,blowoutforums.com,https://www.blowoutforums.com/,Forum post,"Share in Pokemon TCG section - active grading discussions",Medium,62
YouTube Pokemon Grading Channels,youtube.com,Various,Comment/collaboration,"Reach out to channels covering grading - offer guide as resource in video descriptions",High,90+
PokemonTCG Amino,aminoapps.com,https://aminoapps.com/c/pokemon-tcg-amino/,Community post,"Share comprehensive guide with community",Medium,72
Facebook Pokemon TCG Groups,facebook.com,Various groups,Group posts,"Post in 10+ major Pokemon TCG collector groups (50K+ members each)",High,95
Instagram Pokemon Collectors,instagram.com,Various accounts,DM/collaboration,"Partner with @pokemoninvestor, @pokemoncardvalue, @gradedcards accounts",Medium,90+
TCGPlayer Blog,tcgplayer.com,https://tcgplayer.com/blog,Guest post,"Pitch guest post: '2025 Pokemon Grading Guide' - they publish TCG content",High,78
Cardboard Connection,cardboardconnection.com,https://www.cardboardconnection.com/,Guest post,"Pitch: 'Complete 2025 Pokemon Card Grading Comparison' - they cover grading news",High,70
Beckett News Blog,beckett.com,https://www.beckett.com/news/,Resource mention,"Contact editorial - our guide mentions BGS, could be cited in their Pokemon articles",Medium,68
PSA Blog,psacard.com,https://www.psacard.com/news/,Resource mention,"Reach out - we cite PSA official standards, potential resource link",Low,85
CGC Blog,cgccomics.com,https://www.cgccomics.com/news/,Resource mention,"Contact - we cite CGC official data, potential educational resource",Low,72
PokeInvestor Blog,pokeinvestor.com,https://pokeinvestor.com/blog/,Guest post/link,"Pitch guest post on grading ROI and cost-benefit analysis",High,42
OG Cards Blog,ogcards.com,https://ogcards.com/blogs/,Resource link,"Request link - they have grading guides, ours is more comprehensive/current",Medium,45
Rare Candy Blog,rarecandy.com,https://rarecandy.com/blog/,Resource link,"Request citation - they cover grading topics, we have 2025 data",Medium,38
Phantom Display Blog,phantomdisplay.com,https://phantomdisplay.com/blogs/,Resource link,"Reach out - they have grading comparisons, ours is more detailed",Medium,40
Pokemon Grading Subreddit Wiki,reddit.com,https://reddit.com/r/PokemonGrading,Resource submission,"Submit guide to be added to subreddit wiki/resources",High,95
Discord Pokemon Communities,discord.com,Various servers,Share in channels,"Share in 20+ Pokemon TCG Discord servers with 1,000+ members",High,N/A
Twitter/X Pokemon Influencers,twitter.com,Various accounts,Mention/tag,"Tag @PokeRev, @DeepPocketMonster, @PokemonTCGNews when sharing",Medium,90+
TikTok Pokemon Creators,tiktok.com,Various accounts,Collaboration,"Reach out to Pokemon grading TikTokers - offer guide as resource",Medium,85
Quora Pokemon TCG Topics,quora.com,https://www.quora.com/topic/Pokemon-Trading-Card-Game,Answer with link,"Answer grading questions with helpful content + link to full guide",Medium,93
Medium Pokemon Writers,medium.com,Various authors,Collaboration/citation,"Reach out to writers covering Pokemon TCG - offer as comprehensive resource",Medium,94
Yahoo Finance / Sports Pokemon Articles,yahoo.com,https://sports.yahoo.com/,PR/citation,"PR pitch: 'New 2025 Pokemon Grading Report Shows CGC Rise, PSA Dominance'",Low,98
