Prospect,URL,Type,Domain Authority,Outreach Angle,Priority,Contact Method,Notes
PSA Official Forum,https://www.psacard.com/forums,Forum,90,Share as helpful resource for members asking about self-grading,High,Forum Post,"Official PSA community - high trust, directly relevant audience"
Blowout Cards Forum,https://www.blowoutcards.com/forums,Forum,75,Post in grading discussion threads with link to checklist,High,Forum Post,Active grading discussions daily
Sports Card Forum,https://www.sportscardforum.com,Forum,68,Answer grading questions with link to guide,High,Forum Post,10k+ members asking grading questions
r/sportscards (Reddit),https://www.reddit.com/r/sportscards,Community,95,Share guide in weekly grading threads,High,Reddit Post,"100k+ members, high engagement on grading content"
r/PokemonTCG (Reddit),https://www.reddit.com/r/PokemonTCG,Community,92,Post in grading questions threads,High,Reddit Post,"500k+ members, constant grading discussions"
r/baseballcards (Reddit),https://www.reddit.com/r/baseballcards,Community,88,Share when users ask about pre-grading,High,Reddit Post,Very active grading community
AllVintageCards.com,https://allvintagecards.com,Blog,72,"Guest post: ""5 Costly Mistakes Collectors Make When Self-Grading""",High,Email Outreach,Already ranks for grading content - good authority
CardBoardConnection.com,https://www.cardboardconnection.com,Blog,78,Pitch guest post or resource link,Medium,Email Outreach,Large audience of collectors
SportsCollectorsDaily.com,https://www.sportscollectorsdaily.com,Blog,70,Resource page link + guest post pitch,Medium,Email Outreach,Daily content - might feature our guide
PWCC Blog,https://www.pwccmarketplace.com/blog,Blog,85,Mention our guide as pre-grading resource,Medium,Email Outreach,PWCC users actively grade cards
Collectable Blog,https://www.collectable.com/blog,Blog,82,Resource link or collaboration,Medium,Email Outreach,Beginner-focused audience matches our content
Beckett.com Forums,https://www.beckett.com/forums,Forum,82,Cross-post in grading sections,Medium,Forum Post,Beckett users also use PSA
Trading Card Database (TCD),https://www.tradingcarddb.com,Database/Community,75,Add to resources section,Medium,Site Contact,Large collector database
PSA Reddit Guide Sticky,https://www.reddit.com/r/PSA,Community,85,Request sticky or sidebar link,High,Mod Message,Official PSA subreddit
eBay Seller Forums,https://community.ebay.com,Forum,95,Share in collectibles discussion,Low,Forum Post,"Relevant audience but low DR for backlink quality, high for traffic"
Facebook: PSA Grading Group,https://www.facebook.com/groups/*,Community,N/A,Share guide with downloadable checklist,Medium,Group Post,10+ active PSA grading groups
YouTube: Sports Card Investor,https://www.youtube.com/c/SportsCardInvestor,YouTube,72,Ask to mention in video description,High,Email/Comment,"100k+ subs, grading content focus"
YouTube: CardCollector2,https://www.youtube.com/c/CardCollector2,YouTube,68,Feature our guide in grading video,Medium,Email/Comment,Active grading content creator
YouTube: Ripped & Shipped,https://www.youtube.com/c/RippedShipped,YouTube,65,Link in grading tutorial videos,Medium,Email/Comment,Educational grading content
Local Card Shop Websites,N/A,Local Business,30-50,Ask to link as resource for customers,Low,Email/Visit,20+ shops could link
Card Collecting Podcasts,N/A,Podcast,40-60,Get interviewed about self-grading,Medium,Email Pitch,5-10 active podcasts in space
Graded Card Marketplace,https://www.gradedcard.com,Marketplace,60,Resource section link,Low,Email Outreach,Relevant but lower priority
MySlabs.com,https://www.myslabs.com,Tool/Community,55,Partner or resource exchange,Low,Email Outreach,Grading tracking tool users
130point.com,https://www.130point.com,Tool/Community,52,Resource link exchange,Low,Email Outreach,Card pricing tool - relevant audience
GoPSA.com,https://www.gopsa.com,Blog,45,Resource link or guest post,Low,Email Outreach,Smaller but focused audience
Card Grading News Twitter,https://twitter.com/CardGradingNews,Social,N/A,Tweet thread with link to guide,Medium,Twitter DM,3k+ followers interested in grading
